"64572037","64572095"
"64572037","64572099"
"64572037","64572112"
"64572037","64572114"
"64572037","64572120"
"64572037","64572145"
"64572037","64572198"
"64572037","64572223"
"64572053","64572050"
"64572053","64572054"
"64572053","64572146"
"64572053","64572263"
"64572054","64572045"
"64572054","64572055"
"64572055","64572047"
"64572055","64572056"
"64572061","64572060"
"64572061","64572346"
"64572065","64572059"
"64572065","64572060"
"64572065","64572062"
"64572065","64572063"
"64572065","64572064"
"64572065","64572066"
"64572115","64572356"
"64572121","64572035"
"64572121","64572038"
"64572121","64572097"
"64572121","64572104"
"64572121","64572122"
"64572121","64572123"
"64572121","64572139"
"64572149","64572157"
"64572149","64572161"
"64572149","64572163"
"64572149","64572222"
"64572149","64572272"
"64572149","64572367"
"64572150","64572186"
"64572150","64572221"
"64572152","64572252"
"64572152","64572286"
"64572154","64572349"
"64572157","64572150"
"64572158","64572164"
"64572158","64572364"
"64572159","64572160"
"64572159","64572165"
"64572173","64572217"
"64572173","64572218"
"64572173","64572224"
"64572173","64572225"
"64572173","64572228"
"64572173","64572284"
"64572183","64572187"
"64572186","64572008"
"64572236","64572234"
"64572236","64572235"
"64572239","64572369"
"64572247","64572323"
"64572247","64572332"
"64572248","64572249"
"64572248","64572253"
"64572248","64572254"
"64572268","64572391"
"64572268","64572392"
"64572268","64572394"
"64572269","64572005"
"64572269","64572006"
"64572269","64572202"
"64572269","64572280"
"64572269","64572281"
"64572306","64572311"
"64572306","64572312"
"64572309","64572304"
"64572309","64572306"
"64572309","64572316"
"64572309","64572322"
"64572309","64572334"
"64572310","64572320"
"64572335","64572354"
"64572336","64572354"
"64572336","64572354"
"64572337","64572320"
"64572338","64572354"
"64572338","64572354"
"64572339","64572354"
"64572340","64572053"
"64572350","64572080"
"64572350","64572081"
"64572352","64572351"
"64572352","64572353"
"64572368","64572278"
"64572369","64572110"
"64572369","64572344"
"64572369","64572370"
"64572011","64572013"
"64572011","64572014"
"64572011","64572016"
"64572011","64572018"
"64572011","64572021"
"64572011","64572022"
"64572011","64572023"
"64572011","64572024"
"64572018","64572020"
"64572018","64572031"
"64572018","64572032"
"64572018","64572033"
"64572020","64572019"
"64572030","64572034"
"64572034","64572213"
"64572034","64572362"
"64572151","64572158"
"64572151","64572289"
"64572151","64572301"
"64572151","64572330"
"64572151","64572363"
"64572151","64572365"
"64572151","64572398"
"64572152","64572075"
"64572173","64572180"
"64572173","64572181"
"64572173","64572182"
"64572173","64572184"
"64572173","64572185"
"64572173","64572188"
"64572173","64572189"
"64572173","64572190"
"64572194","64572082"
"64572196","64572007"
"64572196","64572007"
"64572196","64572007"
"64572199","64572355"
"64572200","64572048"
"64572200","64572059"
"64572200","64572106"
"64572333","64572077"
"64572333","64572247"
"64572334","64572335"
"64572334","64572336"
"64572334","64572337"
"64572335","64572051"
"64572335","64572128"
"64572335","64572321"
"64572369","64572371"
"64572372","64572169"
"64572372","64572266"
"64572372","64572267"
"64572372","64572273"
"64572372","64572318"
"64572381","64572268"
"64572392","64572170"
"64572042","64572043"
"64572042","64572044"
"64572042","64572118"
"64572042","64572137"
"64572042","64572219"
"64572042","64572285"
"64572042","64572291"
"64572042","64572357"
"64572055","64572057"
"64572055","64572117"
"64572055","64572314"
"64572058","64572042"
"64572058","64572074"
"64572058","64572340"
"64572058","64572342"
"64572060","64572061"
"64572073","64572313"
"64572073","64572361"
"64572074","64572102"
"64572074","64572108"
"64572074","64572130"
"64572074","64572236"
"64572074","64572251"
"64572074","64572259"
"64572079","64572111"
"64572079","64572141"
"64572079","64572240"
"64572079","64572241"
"64572079","64572396"
"64572081","64572083"
"64572082","64572009"
"64572085","64572096"
"64572121","64572142"
"64572121","64572173"
"64572121","64572229"
"64572125","64572199"
"64572130","64572124"
"64572130","64572125"
"64572130","64572126"
"64572130","64572127"
"64572159","64572167"
"64572161","64572135"
"64572162","64572148"
"64572163","64572172"
"64572163","64572196"
"64572173","64572010"
"64572173","64572040"
"64572173","64572068"
"64572173","64572191"
"64572173","64572192"
"64572173","64572193"
"64572173","64572195"
"64572173","64572197"
"64572173","64572210"
"64572173","64572214"
"64572173","64572216"
"64572200","64572124"
"64572200","64572204"
"64572200","64572315"
"64572201","64572146"
"64572201","64572260"
"64572202","64572208"
"64572202","64572209"
"64572202","64572333"
"64572229","64572294"
"64572229","64572350"
"64572234","64572306"
"64572236","64572226"
"64572236","64572230"
"64572236","64572231"
"64572236","64572232"
"64572236","64572233"
"64572340","64572065"
"64572341","64572052"
"64572341","64572129"
"64572341","64572234"
"64572342","64572343"
"64572342","64572354"
"64572342","64572354"
"64572342","64572354"
"64572042","64572373"
"64572050","64572048"
"64572050","64572049"
"64572050","64572051"
"64572050","64572052"
"64572050","64572395"
"64572053","64572041"
"64572053","64572046"
"64572074","64572298"
"64572074","64572309"
"64572074","64572317"
"64572074","64572338"
"64572074","64572339"
"64572074","64572341"
"64572074","64572354"
"64572074","64572354"
"64572186","64572113"
"64572186","64572156"
"64572186","64572212"
"64572186","64572227"
"64572186","64572296"
"64572186","64572302"
"64572187","64572372"
"64572187","64572381"
"64572204","64572205"
"64572205","64572203"
"64572205","64572206"
"64572208","64572060"
"64572208","64572105"
"64572208","64572125"
"64572208","64572204"
"64572208","64572207"
"64572229","64572243"
"64572229","64572245"
"64572229","64572246"
"64572229","64572250"
"64572229","64572255"
"64572229","64572274"
"64572229","64572277"
"64572229","64572279"
"64572268","64572383"
"64572268","64572384"
"64572268","64572385"
"64572268","64572386"
"64572268","64572387"
"64572268","64572388"
"64572268","64572389"
"64572268","64572390"
"64572283","64572149"
"64572283","64572162"
"64572284","64572183"
"64572294","64572154"
"64572294","64572194"
"64572294","64572348"
"64572294","64572368"
"64572298","64572297"
"64572315","64572336"
"64572318","64572324"
"64572318","64572325"
"64572318","64572325"
"64572318","64572328"
"64572318","64572374"
"64572318","64572375"
"64572318","64572376"
"64572102","64572100"
"64572102","64572101"
"64572102","64572103"
"64572108","64572105"
"64572108","64572106"
"64572108","64572107"
"64572108","64572109"
"64572115","64572356"
"64572173","64572085"
"64572173","64572119"
"64572173","64572121"
"64572173","64572132"
"64572173","64572133"
"64572173","64572136"
"64572173","64572140"
"64572173","64572143"
"64572208","64572230"
"64572208","64572261"
"64572208","64572310"
"64572208","64572346"
"64572208","64572354"
"64572221","64572287"
"64572221","64572292"
"64572221","64572358"
"64572260","64572338"
"64572261","64572270"
"64572264","64572265"
"64572268","64572326"
"64572268","64572327"
"64572268","64572327"
"64572268","64572329"
"64572268","64572382"
"64572279","64572282"
"64572279","64572283"
"64572281","64572003"
"64572281","64572004"
"64572282","64572070"
"64572282","64572347"
"64572283","64572073"
"64572283","64572079"
"64572318","64572377"
"64572318","64572378"
"64572318","64572379"
"64572318","64572380"
"64572318","64572393"
"64572320","64572316"
"64572323","64572319"
"64572332","64572002"
"64572342","64572355"
"64572348","64572166"
"64572348","64572168"
"64572348","64572288"
"64572348","64572293"
"64572348","64572352"
"64572348","64572359"
"64572348","64572397"
"64572003","64572299"
"64572003","64572299"
"64572003","64572300"
"64572004","64572116"
"64572006","64572200"
"64572006","64572201"
"64572009","64572078"
"64572011","64572012"
"64572011","64572025"
"64572011","64572026"
"64572011","64572027"
"64572011","64572028"
"64572011","64572029"
"64572011","64572030"
"64572011","64572036"
"64572011","64572039"
"64572011","64572134"
"64572011","64572138"
"64572011","64572215"
"64572011","64572239"
"64572014","64572015"
"64572016","64572017"
"64572016","64572098"
"64572016","64572331"
"64572034","64572366"
"64572037","64572069"
"64572037","64572089"
"64572037","64572090"
"64572037","64572091"
"64572037","64572092"
"64572037","64572093"
"64572037","64572094"
"64572065","64572067"
"64572070","64572147"
"64572071","64572072"
"64572072","64572115"
"64572073","64572071"
"64572073","64572086"
"64572073","64572087"
"64572073","64572088"
"64572075","64572076"
"64572076","64572153"
"64572079","64572079"
"64572079","64572079"
"64572079","64572079"
"64572079","64572079"
"64572079","64572079"
"64572079","64572079"
"64572130","64572128"
"64572130","64572129"
"64572130","64572131"
"64572135","64572144"
"64572135","64572159"
"64572147","64572276"
"64572148","64572151"
"64572149","64572152"
"64572173","64572155"
"64572173","64572171"
"64572173","64572174"
"64572173","64572175"
"64572173","64572176"
"64572173","64572177"
"64572173","64572178"
"64572173","64572179"
"64572226","64572211"
"64572226","64572220"
"64572226","64572275"
"64572226","64572360"
"64572229","64572084"
"64572229","64572237"
"64572229","64572238"
"64572229","64572242"
"64572248","64572264"
"64572259","64572256"
"64572259","64572257"
"64572259","64572258"
"64572259","64572260"
"64572259","64572261"
"64572259","64572262"
"64572259","64572345"
"64572270","64572271"
"64572278","64572303"
"64572279","64572011"
"64572279","64572037"
"64572279","64572058"
"64572279","64572244"
"64572279","64572248"
"64572279","64572269"
"64572303","64572290"
"64572304","64572295"
"64572304","64572305"
"64572306","64572307"
"64572306","64572307"
"64572306","64572308"
"64572306","64572308"
"64572306","64572310"
